kernel,BM,BN,BK,TM,TN,M,N,K,threads,smem_bytes,avg_ms,gflops,correct,status,gpu
k10_warptiling,64,64,8,4,4,2048,2048,2048,32,4096,7.8463,2189.55,1,ok,NVIDIA RTX A500 Laptop GPU|sm_86
k10_warptiling,64,64,8,4,8,2048,2048,2048,32,4096,7.8062,2200.81,1,ok,NVIDIA RTX A500 Laptop GPU|sm_86
k10_warptiling,64,64,8,8,4,2048,2048,2048,32,4096,7.7454,2218.08,1,ok,NVIDIA RTX A500 Laptop GPU|sm_86
k10_warptiling,64,64,8,8,8,2048,2048,2048,32,4096,,,N/A,skipped_invalid_WMITER,NVIDIA RTX A500 Laptop GPU|sm_86
k10_warptiling,64,64,16,4,4,2048,2048,2048,32,8192,7.3802,2327.84,1,ok,NVIDIA RTX A500 Laptop GPU|sm_86
k10_warptiling,64,64,16,4,8,2048,2048,2048,32,8192,7.1954,2387.60,1,ok,NVIDIA RTX A500 Laptop GPU|sm_86
k10_warptiling,64,64,16,8,4,2048,2048,2048,32,8192,7.4883,2294.24,1,ok,NVIDIA RTX A500 Laptop GPU|sm_86
k10_warptiling,64,64,16,8,8,2048,2048,2048,32,8192,,,N/A,skipped_invalid_WMITER,NVIDIA RTX A500 Laptop GPU|sm_86
k10_warptiling,64,64,32,4,4,2048,2048,2048,32,16384,9.3119,1844.94,1,ok,NVIDIA RTX A500 Laptop GPU|sm_86
k10_warptiling,64,64,32,4,8,2048,2048,2048,32,16384,9.1543,1876.70,1,ok,NVIDIA RTX A500 Laptop GPU|sm_86
k10_warptiling,64,64,32,8,4,2048,2048,2048,32,16384,9.0078,1907.23,1,ok,NVIDIA RTX A500 Laptop GPU|sm_86
k10_warptiling,64,64,32,8,8,2048,2048,2048,32,16384,,,N/A,skipped_invalid_WMITER,NVIDIA RTX A500 Laptop GPU|sm_86
k10_warptiling,64,128,8,4,4,2048,2048,2048,64,6144,7.0566,2434.57,1,ok,NVIDIA RTX A500 Laptop GPU|sm_86
k10_warptiling,64,128,8,4,8,2048,2048,2048,64,6144,7.1630,2398.41,1,ok,NVIDIA RTX A500 Laptop GPU|sm_86
k10_warptiling,64,128,8,8,4,2048,2048,2048,64,6144,7.2833,2358.80,1,ok,NVIDIA RTX A500 Laptop GPU|sm_86
k10_warptiling,64,128,8,8,8,2048,2048,2048,64,6144,,,N/A,skipped_invalid_WMITER,NVIDIA RTX A500 Laptop GPU|sm_86
k10_warptiling,64,128,16,4,4,2048,2048,2048,64,12288,7.1353,2407.73,1,ok,NVIDIA RTX A500 Laptop GPU|sm_86
k10_warptiling,64,128,16,4,8,2048,2048,2048,64,12288,6.7921,2529.39,1,ok,NVIDIA RTX A500 Laptop GPU|sm_86
k10_warptiling,64,128,16,8,4,2048,2048,2048,64,12288,6.8513,2507.54,1,ok,NVIDIA RTX A500 Laptop GPU|sm_86
k10_warptiling,64,128,16,8,8,2048,2048,2048,64,12288,,,N/A,skipped_invalid_WMITER,NVIDIA RTX A500 Laptop GPU|sm_86
k10_warptiling,64,128,32,4,4,2048,2048,2048,64,24576,7.7147,2226.91,1,ok,NVIDIA RTX A500 Laptop GPU|sm_86
k10_warptiling,64,128,32,4,8,2048,2048,2048,64,24576,7.9139,2170.85,1,ok,NVIDIA RTX A500 Laptop GPU|sm_86
k10_warptiling,64,128,32,8,4,2048,2048,2048,64,24576,7.7061,2229.40,1,ok,NVIDIA RTX A500 Laptop GPU|sm_86
k10_warptiling,64,128,32,8,8,2048,2048,2048,64,24576,,,N/A,skipped_invalid_WMITER,NVIDIA RTX A500 Laptop GPU|sm_86
k10_warptiling,64,256,8,4,4,2048,2048,2048,128,10240,7.2606,2366.19,1,ok,NVIDIA RTX A500 Laptop GPU|sm_86
k10_warptiling,64,256,8,4,8,2048,2048,2048,128,10240,6.8340,2513.89,1,ok,NVIDIA RTX A500 Laptop GPU|sm_86
k10_warptiling,64,256,8,8,4,2048,2048,2048,128,10240,6.7836,2532.56,1,ok,NVIDIA RTX A500 Laptop GPU|sm_86
k10_warptiling,64,256,8,8,8,2048,2048,2048,128,10240,,,N/A,skipped_invalid_WMITER,NVIDIA RTX A500 Laptop GPU|sm_86
k10_warptiling,64,256,16,4,4,2048,2048,2048,128,20480,6.9015,2489.30,1,ok,NVIDIA RTX A500 Laptop GPU|sm_86
k10_warptiling,64,256,16,4,8,2048,2048,2048,128,20480,6.9594,2468.60,1,ok,NVIDIA RTX A500 Laptop GPU|sm_86
k10_warptiling,64,256,16,8,4,2048,2048,2048,128,20480,7.0146,2449.16,1,ok,NVIDIA RTX A500 Laptop GPU|sm_86
k10_warptiling,64,256,16,8,8,2048,2048,2048,128,20480,,,N/A,skipped_invalid_WMITER,NVIDIA RTX A500 Laptop GPU|sm_86
k10_warptiling,64,256,32,4,4,2048,2048,2048,128,40960,7.4965,2291.72,1,ok,NVIDIA RTX A500 Laptop GPU|sm_86
k10_warptiling,64,256,32,4,8,2048,2048,2048,128,40960,7.4775,2297.54,1,ok,NVIDIA RTX A500 Laptop GPU|sm_86
k10_warptiling,64,256,32,8,4,2048,2048,2048,128,40960,7.3374,2341.40,1,ok,NVIDIA RTX A500 Laptop GPU|sm_86
k10_warptiling,64,256,32,8,8,2048,2048,2048,128,40960,,,N/A,skipped_invalid_WMITER,NVIDIA RTX A500 Laptop GPU|sm_86
k10_warptiling,128,64,8,4,4,2048,2048,2048,64,6144,7.0861,2424.45,1,ok,NVIDIA RTX A500 Laptop GPU|sm_86
k10_warptiling,128,64,8,4,8,2048,2048,2048,64,6144,7.1047,2418.09,1,ok,NVIDIA RTX A500 Laptop GPU|sm_86
k10_warptiling,128,64,8,8,4,2048,2048,2048,64,6144,6.6465,2584.79,1,ok,NVIDIA RTX A500 Laptop GPU|sm_86
k10_warptiling,128,64,8,8,8,2048,2048,2048,64,6144,,,N/A,skipped_invalid_WMITER,NVIDIA RTX A500 Laptop GPU|sm_86
k10_warptiling,128,64,16,4,4,2048,2048,2048,64,12288,6.8658,2502.23,1,ok,NVIDIA RTX A500 Laptop GPU|sm_86
k10_warptiling,128,64,16,4,8,2048,2048,2048,64,12288,6.9423,2474.66,1,ok,NVIDIA RTX A500 Laptop GPU|sm_86
k10_warptiling,128,64,16,8,4,2048,2048,2048,64,12288,6.8204,2518.91,1,ok,NVIDIA RTX A500 Laptop GPU|sm_86
k10_warptiling,128,64,16,8,8,2048,2048,2048,64,12288,,,N/A,skipped_invalid_WMITER,NVIDIA RTX A500 Laptop GPU|sm_86
k10_warptiling,128,64,32,4,4,2048,2048,2048,64,24576,8.2122,2092.00,1,ok,NVIDIA RTX A500 Laptop GPU|sm_86
k10_warptiling,128,64,32,4,8,2048,2048,2048,64,24576,7.7329,2221.65,1,ok,NVIDIA RTX A500 Laptop GPU|sm_86
k10_warptiling,128,64,32,8,4,2048,2048,2048,64,24576,7.3968,2322.62,1,ok,NVIDIA RTX A500 Laptop GPU|sm_86
k10_warptiling,128,64,32,8,8,2048,2048,2048,64,24576,,,N/A,skipped_invalid_WMITER,NVIDIA RTX A500 Laptop GPU|sm_86
k10_warptiling,128,128,8,4,4,2048,2048,2048,128,8192,6.6097,2599.18,1,ok,NVIDIA RTX A500 Laptop GPU|sm_86
k10_warptiling,128,128,8,4,8,2048,2048,2048,128,8192,6.6636,2578.16,1,ok,NVIDIA RTX A500 Laptop GPU|sm_86
k10_warptiling,128,128,8,8,4,2048,2048,2048,128,8192,6.4215,2675.37,1,ok,NVIDIA RTX A500 Laptop GPU|sm_86
k10_warptiling,128,128,8,8,8,2048,2048,2048,128,8192,,,N/A,skipped_invalid_WMITER,NVIDIA RTX A500 Laptop GPU|sm_86
k10_warptiling,128,128,16,4,4,2048,2048,2048,128,16384,6.6156,2596.87,1,ok,NVIDIA RTX A500 Laptop GPU|sm_86
k10_warptiling,128,128,16,4,8,2048,2048,2048,128,16384,6.3676,2698.00,1,ok,NVIDIA RTX A500 Laptop GPU|sm_86
k10_warptiling,128,128,16,8,4,2048,2048,2048,128,16384,6.3748,2694.98,1,ok,NVIDIA RTX A500 Laptop GPU|sm_86
k10_warptiling,128,128,16,8,8,2048,2048,2048,128,16384,,,N/A,skipped_invalid_WMITER,NVIDIA RTX A500 Laptop GPU|sm_86
k10_warptiling,128,128,32,4,4,2048,2048,2048,128,32768,7.0276,2444.62,1,ok,NVIDIA RTX A500 Laptop GPU|sm_86
k10_warptiling,128,128,32,4,8,2048,2048,2048,128,32768,6.9744,2463.27,1,ok,NVIDIA RTX A500 Laptop GPU|sm_86
k10_warptiling,128,128,32,8,4,2048,2048,2048,128,32768,6.6250,2593.20,1,ok,NVIDIA RTX A500 Laptop GPU|sm_86
k10_warptiling,128,128,32,8,8,2048,2048,2048,128,32768,,,N/A,skipped_invalid_WMITER,NVIDIA RTX A500 Laptop GPU|sm_86
k10_warptiling,128,256,8,4,4,2048,2048,2048,256,12288,6.9178,2483.43,1,ok,NVIDIA RTX A500 Laptop GPU|sm_86
k10_warptiling,128,256,8,4,8,2048,2048,2048,256,12288,6.7695,2537.85,1,ok,NVIDIA RTX A500 Laptop GPU|sm_86
k10_warptiling,128,256,8,8,4,2048,2048,2048,256,12288,6.8503,2507.90,1,ok,NVIDIA RTX A500 Laptop GPU|sm_86
k10_warptiling,128,256,8,8,8,2048,2048,2048,256,12288,,,N/A,skipped_invalid_WMITER,NVIDIA RTX A500 Laptop GPU|sm_86
k10_warptiling,128,256,16,4,4,2048,2048,2048,256,24576,6.7606,2541.17,1,ok,NVIDIA RTX A500 Laptop GPU|sm_86
k10_warptiling,128,256,16,4,8,2048,2048,2048,256,24576,6.3420,2708.89,1,ok,NVIDIA RTX A500 Laptop GPU|sm_86
k10_warptiling,128,256,16,8,4,2048,2048,2048,256,24576,6.6928,2566.93,1,ok,NVIDIA RTX A500 Laptop GPU|sm_86
k10_warptiling,128,256,16,8,8,2048,2048,2048,256,24576,,,N/A,skipped_invalid_WMITER,NVIDIA RTX A500 Laptop GPU|sm_86
k10_warptiling,128,256,32,4,4,2048,2048,2048,256,49152,6.5142,2637.30,1,ok,NVIDIA RTX A500 Laptop GPU|sm_86
k10_warptiling,128,256,32,4,8,2048,2048,2048,256,49152,6.7797,2534.00,1,ok,NVIDIA RTX A500 Laptop GPU|sm_86
k10_warptiling,128,256,32,8,4,2048,2048,2048,256,49152,6.5575,2619.88,1,ok,NVIDIA RTX A500 Laptop GPU|sm_86
k10_warptiling,128,256,32,8,8,2048,2048,2048,256,49152,,,N/A,skipped_invalid_WMITER,NVIDIA RTX A500 Laptop GPU|sm_86
k10_warptiling,256,64,8,4,4,2048,2048,2048,128,10240,6.7928,2529.15,1,ok,NVIDIA RTX A500 Laptop GPU|sm_86
k10_warptiling,256,64,8,4,8,2048,2048,2048,128,10240,6.8384,2512.27,1,ok,NVIDIA RTX A500 Laptop GPU|sm_86
k10_warptiling,256,64,8,8,4,2048,2048,2048,128,10240,7.0271,2444.79,1,ok,NVIDIA RTX A500 Laptop GPU|sm_86
k10_warptiling,256,64,8,8,8,2048,2048,2048,128,10240,,,N/A,skipped_invalid_WMITER,NVIDIA RTX A500 Laptop GPU|sm_86
k10_warptiling,256,64,16,4,4,2048,2048,2048,128,20480,6.3413,2709.19,1,ok,NVIDIA RTX A500 Laptop GPU|sm_86
k10_warptiling,256,64,16,4,8,2048,2048,2048,128,20480,6.8367,2512.90,1,ok,NVIDIA RTX A500 Laptop GPU|sm_86
k10_warptiling,256,64,16,8,4,2048,2048,2048,128,20480,6.2775,2736.75,1,ok,NVIDIA RTX A500 Laptop GPU|sm_86
k10_warptiling,256,64,16,8,8,2048,2048,2048,128,20480,,,N/A,skipped_invalid_WMITER,NVIDIA RTX A500 Laptop GPU|sm_86
k10_warptiling,256,64,32,4,4,2048,2048,2048,128,40960,7.2803,2359.76,1,ok,NVIDIA RTX A500 Laptop GPU|sm_86
k10_warptiling,256,64,32,4,8,2048,2048,2048,128,40960,7.8241,2195.76,1,ok,NVIDIA RTX A500 Laptop GPU|sm_86
k10_warptiling,256,64,32,8,4,2048,2048,2048,128,40960,7.4759,2298.03,1,ok,NVIDIA RTX A500 Laptop GPU|sm_86
k10_warptiling,256,64,32,8,8,2048,2048,2048,128,40960,,,N/A,skipped_invalid_WMITER,NVIDIA RTX A500 Laptop GPU|sm_86
k10_warptiling,256,128,8,4,4,2048,2048,2048,256,12288,7.1477,2403.54,1,ok,NVIDIA RTX A500 Laptop GPU|sm_86
k10_warptiling,256,128,8,4,8,2048,2048,2048,256,12288,6.9561,2469.74,1,ok,NVIDIA RTX A500 Laptop GPU|sm_86
k10_warptiling,256,128,8,8,4,2048,2048,2048,256,12288,7.0080,2451.47,1,ok,NVIDIA RTX A500 Laptop GPU|sm_86
k10_warptiling,256,128,8,8,8,2048,2048,2048,256,12288,,,N/A,skipped_invalid_WMITER,NVIDIA RTX A500 Laptop GPU|sm_86
k10_warptiling,256,128,16,4,4,2048,2048,2048,256,24576,6.5548,2620.95,1,ok,NVIDIA RTX A500 Laptop GPU|sm_86
k10_warptiling,256,128,16,4,8,2048,2048,2048,256,24576,6.3226,2717.22,1,ok,NVIDIA RTX A500 Laptop GPU|sm_86
k10_warptiling,256,128,16,8,4,2048,2048,2048,256,24576,6.6987,2564.66,1,ok,NVIDIA RTX A500 Laptop GPU|sm_86
k10_warptiling,256,128,16,8,8,2048,2048,2048,256,24576,,,N/A,skipped_invalid_WMITER,NVIDIA RTX A500 Laptop GPU|sm_86
k10_warptiling,256,128,32,4,4,2048,2048,2048,256,49152,6.6969,2565.34,1,ok,NVIDIA RTX A500 Laptop GPU|sm_86
k10_warptiling,256,128,32,4,8,2048,2048,2048,256,49152,6.7742,2536.08,1,ok,NVIDIA RTX A500 Laptop GPU|sm_86
k10_warptiling,256,128,32,8,4,2048,2048,2048,256,49152,6.7273,2553.77,1,ok,NVIDIA RTX A500 Laptop GPU|sm_86
k10_warptiling,256,128,32,8,8,2048,2048,2048,256,49152,,,N/A,skipped_invalid_WMITER,NVIDIA RTX A500 Laptop GPU|sm_86
k10_warptiling,256,256,8,4,4,2048,2048,2048,512,16384,778.9154,22.06,1,ok,NVIDIA RTX A500 Laptop GPU|sm_86
k10_warptiling,256,256,8,4,8,2048,2048,2048,512,16384,742.3073,23.14,1,ok,NVIDIA RTX A500 Laptop GPU|sm_86
k10_warptiling,256,256,8,8,4,2048,2048,2048,512,16384,777.3550,22.10,1,ok,NVIDIA RTX A500 Laptop GPU|sm_86
k10_warptiling,256,256,8,8,8,2048,2048,2048,512,16384,,,N/A,skipped_invalid_WMITER,NVIDIA RTX A500 Laptop GPU|sm_86
k10_warptiling,256,256,16,4,4,2048,2048,2048,512,32768,776.3145,22.13,1,ok,NVIDIA RTX A500 Laptop GPU|sm_86
k10_warptiling,256,256,16,4,8,2048,2048,2048,512,32768,746.7480,23.01,1,ok,NVIDIA RTX A500 Laptop GPU|sm_86
k10_warptiling,256,256,16,8,4,2048,2048,2048,512,32768,776.1679,22.13,1,ok,NVIDIA RTX A500 Laptop GPU|sm_86
k10_warptiling,256,256,16,8,8,2048,2048,2048,512,32768,,,N/A,skipped_invalid_WMITER,NVIDIA RTX A500 Laptop GPU|sm_86
k10_warptiling,256,256,32,4,4,2048,2048,2048,512,65536,,,N/A,skipped_shared_memory_over_48KB,NVIDIA RTX A500 Laptop GPU|sm_86
k10_warptiling,256,256,32,4,8,2048,2048,2048,512,65536,,,N/A,skipped_shared_memory_over_48KB,NVIDIA RTX A500 Laptop GPU|sm_86
k10_warptiling,256,256,32,8,4,2048,2048,2048,512,65536,,,N/A,skipped_shared_memory_over_48KB,NVIDIA RTX A500 Laptop GPU|sm_86
k10_warptiling,256,256,32,8,8,2048,2048,2048,512,65536,,,N/A,skipped_invalid_WMITER,NVIDIA RTX A500 Laptop GPU|sm_86
